[ANIPLUS] 기동전사 건담 철혈의 오펀스,기동전사 건담 철혈의 오펀스
[ANIPLUS] 러브 라이브 1기,러브 라이브
[ANIPLUS] 러브 라이브 2기,러브 라이브 2기
[ANIPLUS] 러브 라이브 선샤인 1기,러브 라이브 선샤인
[ANIPLUS] 러브 라이브 선샤인 2기,러브라이브 선샤인 2기
[ANIPLUS] 러브 라이브 니지가사키 학원 스쿨 아이돌 동호회,러브 라이브 니지가사키 학원 스쿨 아이돌 동호회
[ANIPLUS] 슬라임을 잡으면서 300년 모르는 사이에 레벨MAX가 되었습니다,슬라임을 잡으면서 300년 모르는 사이에 레벨MAX가 되었습니다
[ANIPLUS] 치트 약사의 슬로우 라이프-이세계에 만들자 드러그 스토어-,치트 약사의 슬로우 라이프-이세계에 만들자 드러그 스토어-
[ANIPLUS] 알바 뛰는 마왕님,알바 뛰는 마왕님
[ANIPLUS] 진격의 거인,진격의 거인
[ANIPLUS] 페르소나5 the Animation,페르소나5 the Animation
[ChannelA] 2019 DIMF 뮤지컬 스타,2019 DIMF 뮤지컬 스타
[ChannelA] 2020 DIMF 뮤지컬 스타,2020 DIMF 뮤지컬 스타
[ChannelA] 2021 DIMF 뮤지컬 스타,2021 DIMF 뮤지컬 스타
[ChannelA] 7시엔 홈밥 식구일지,7시엔 홈밥 식구일지
[ChannelA] Bye서울 여기 살래,Bye서울 여기 살래
[ChannelA] 강철부대,강철부대
[ChannelA] 강철부대 외전,강철부대 외전
[ChannelA] 강철부대 전우회,강철부대 전우회
[ChannelA] 같이 할래GG,같이 할래GG
[ChannelA] 관찰카메라 24시간,관찰카메라 24시간
[ChannelA] 거인의 어깨,거인의 어깨
[ChannelA] 글로벌 완판왕 팔아야 귀국,글로벌 완판왕 팔아야 귀국
[ChannelA] 나만 믿고 따라와 도시어부,나만 믿고 따라와 도시어부
[ChannelA] 내일은 야구왕,내일은 야구왕
[ChannelA] 대국민 통장 점검쇼 설계자들,대국민 통장 점검쇼 설계자들
[ChannelA] 러브라인 추리게임 하트시그널 시즌2,러브라인 추리게임 하트시그널 시즌2
[ChannelA] 러브라인 추리게임 하트시그널 시즌3,러브라인 추리게임 하트시그널 시즌3
[ChannelA] 레전드 음악교실 랄라랜드,레전드 음악교실 랄라랜드
[ChannelA] 로컬 크리에이터 특급 주무관,로컬 크리에이터 특급 주무관
[ChannelA] 리얼 승무원 도전기 비행기 타고 가요,리얼 승무원 도전기 비행기 타고 가요
[ChannelA] 리얼.청춘.일기 프렌즈,리얼 청춘 일기 프렌즈
[ChannelA] 리얼 청춘 일기 프렌즈 스페셜,리얼 청춘 일기 프렌즈 스페셜
[ChannelA] 무작정 풍덩하라 워터걸스,무작정 풍덩하라 워터걸스
[ChannelA] 보컬플레이,보컬플레이
[ChannelA] 보컬플레이-캠퍼스 뮤직 올림피아드,보컬플레이-캠퍼스 뮤직 올림피아드
[ChannelA] 북유럽 with 캐리어,북유럽 with 캐리어
[ChannelA] 사심 충만 오쾌남,사심 충만 오쾌남
[ChannelA] 송은이 김숙의 영화보장,송은이 김숙의 영화보장
[ChannelA] 수다로 통일-공동공부구역 JSA,수다로 통일-공동공부구역 JSA
[ChannelA] 수다로 통일-공동공부구역 JSA,수다로통일-공동공부구역 JSA
[ChannelA] 수상한 인력소,수상한 인력소
[ChannelA] 시간을 달리는 게임 - 리와인드,시간을 달리는 게임 - 리와인드
[ChannelA] 시간을 달리는 게임 - 리와인드,시간을 달리는 게임 리와인드
[ChannelA] 신입사원 탄생기 굿피플,신입사원 탄생기 굿피플
[ChannelA] 아재 감성 느와르 아빠본색,아재 감성 느와르 아빠본색
[ChannelA] 언니들의 장보기 여행 마켓인싸,언니들의 장보기 여행 마켓인싸
[ChannelA] 역사 다시보기 천일야사,역사 다시보기 천일야사
[ChannelA] 우주를 줄게,우주를 줄게
[ChannelA] 위대한 수제자,위대한 수제자
[ChannelA] 요즘 가족 금쪽 수업,요즘 가족 금쪽 수업
[ChannelA] 요즘 육아 금쪽같은 내새끼,요즘 육아 금쪽같은 내새끼
[ChannelA] 인생 중간점검 개뼈다귀,인생 중간점검 개뼈다귀
[ChannelA] 지구인 라이브,지구인 라이브
[ChannelA] 지붕위의 막걸리,지붕위의 막걸리
[ChannelA] 침묵예능 아이콘택트,침묵예능 아이콘택트
[ChannelA] 팔아야 귀국 in 베트남,팔아야 귀국 in 베트남
[ChannelA] 팔아야 귀국 in 인도네시아,팔아야 귀국 in 인도네시아
[ChannelA] 풍문으로 들었SHOW,풍문으로 들었SHOW
[ChannelA] 히스토리 AR,히스토리AR
[ChannelA] 히스토리 AR,히스토리 AR
[Comedy TV] JOB룡 이십끼,JOB룡 이십끼
[Comedy TV] 맛있는 녀석들,맛있는 녀석들
[Comedy TV] 스마일킹,스마일킹
[Comedy TV] 우주적 썰왕썰래,우주적 썰왕썰래
[Comedy TV] 잠시 휴,잠시 휴
[Comedy TV] 지지고 복고,지지고 복고
[Comedy TV] 할매야 학교가자,할매야 학교가자
[DIA.TV] 너튜브 인싸차트,너튜브 인싸차트
[E Channel] 내 딸의 남자들 2,내 딸의 남자들 2
[E Channel] 내 딸의 남자들 3,내 딸의 남자들 3
[E Channel] 내 딸의 남자들 4,내 딸의 남자들 4
[E Channel] 노는 브로,노는 브로
[E Channel] 노는 언니,노는 언니
[E Channel] 놀벤져스,놀벤져스
[E Channel] 달랑말랑,달랑말랑
[E Channel] 똑독한 코디맘-베이비캐슬,똑독한 코디맘-베이비캐슬
[E Channel] 똑독한 코디맘-베이비캐슬,베이비 캐슬
[E Channel] 라떼부모,라떼부모
[E Channel] 맘 편한 카페,맘 편한 카페
[E Channel] 별거가 별거냐 시즌2,별거가 별거냐 시즌2
[E Channel] 어머어머 웬일이니,어머어머 웬일이니
[E Channel] 정상회담,정상회담
[E Channel] 찐한친구,찐한친구
[E Channel] 탑골 랩소디,탑골 랩소디
[E Channel] 태어나서 처음으로,태어나서 처음으로
[EBS1] 100 투 더 퓨처,100 투 더 퓨처
[EBS1] 2019 헬로루키,2019 헬로루키
[EBS1] 4남매 쇼,4남매 쇼
[EBS1] EBS 마스터1,EBS 마스터1
[EBS1] EBS 마스터2,EBS 마스터2
[EBS1] EBS 명강,EBS 명강
[EBS1] EBS 비즈니스 리뷰,EBS 비즈니스 리뷰
[EBS1] K-POP 한국어 - 신짜오 코리아,K-POP 한국어 - 신짜오 코리아
[EBS1] K-POP 한국어 - 안녕하세요 커레야,K-POP 한국어 - 안녕하세요 커레야
[EBS1] 가만히 10분,가만히 10분
[EBS1] 공사창립 20주년 교육대기획 - 더 체인지,공사창립 20주년 교육대기획 - 더 체인지
[EBS1] 과학 다큐 비욘드,과학 다큐 비욘드
[EBS1] 과학 다큐 비욘드,과학 다큐 비욘드 Beyond
[EBS1] 과학 다큐 비욘드,과학 다큐 비욘드Beyond
[EBS1] 과학 다큐 비욘드,과학다큐 비욘드
[EBS1] 과학 다큐 비욘드,과학 다큐-비욘드
[EBS1] 건축탐구 - 집,건축탐구 - 집
[EBS1] 기획특강-지식의 기쁨,기획특강-지식의 기쁨
[EBS1] 까칠남녀,까칠남녀
[EBS1] 꾸러기 탐구생활,꾸러기 탐구생활
[EBS1] 꾸러기 천사들,꾸러기 천사들
[EBS1] 남북 소통 프로젝트-괜찮아요 일없습네다,남북 소통 프로젝트-괜찮아요 일없습네다
[EBS1] 내 마음의 안전기지,내 마음의 안전기지
[EBS1] 넥스트 히어로,넥스트 히어로
[EBS1] 놀이의 기쁨,놀이의 기쁨
[EBS1] 뇌가 젊어지는 체조,뇌가 젊어지는 체조
[EBS1] 다큐 시선,다큐 시선
[EBS1] 다큐 오늘,다큐 오늘
[EBS1] 다큐 잇it,다큐 잇it
[EBS1] 당신의 문해력,당신의 문해력
[EBS1] 돈이 되는 토크쇼 - 머니톡,돈이 되는 토크쇼 - 머니톡
[EBS1] 듣고보고 라디오,신년특별기획-듣고보고 라디오
[EBS1] 모두의 모바일 MOMOE,모두의 모바일 MOMOE
[EBS1] 미래교육 플러스,미래교육 플러스
[EBS1] 로봇x드론 챌린지,EBS 로봇x드론 챌린지
[EBS1] 리틀 보스,리틀 보스
[EBS1] 말을 걸어볼까 동남아 살아보기,말을 걸어볼까 동남아 살아보기
[EBS1] 뭐든지 뮤직박스,뭐든지 뮤직박스
[EBS1] 미래강연 Q,미래강연 Q
[EBS1] 미스터리 유물도둑과 역사탐정단,미스터리 유물도둑과 역사탐정단
[EBS1] 발견의 기쁨 동네책방,발견의 기쁨 동네책방
[EBS1] 방을 구해드립니다,방을 구해드립니다
[EBS1] 배워서 남줄랩,배워서 남줄랩
[EBS1] 빡치미,빡치미
[EBS1] 별일 없이 산다,별일 없이 산다
[EBS1] 북 채널e,북 채널e
[EBS1] 비스트 오브 아시아,비스트 오브 아시아
[EBS1] 사운드 스토리 너의 소리가 보여,사운드 스토리 너의 소리가 보여
[EBS1] 사이언스타 Q,사이언스타 Q
[EBS1] 상상식탁,상상식탁
[EBS1] 생방송 방과 후 듄듄,생방송 방과 후 듄듄
[EBS1] 세상의 모든 법칙,세상의 모든 법칙
[EBS1] 세상의 모든 법칙 2,세상의 모든 법칙 2
[EBS1] 시간을 달리는 세계사,시간을 달리는 세계사
[EBS1] 싱어즈,싱어즈
[EBS1] 싱어즈,싱어즈-시대와 함께 울고 웃다
[EBS1] 스마트 도로 미래로 가는 길,스마트 도로 미래로 가는 길
[EBS1] 아빠타,아빠타
[EBS1] 아이 오프너Eye-opener,아이 오프너Eye-opener
[EBS1] 안전채널e,안전채널e
[EBS1] 엄마를 찾지마,엄마를 찾지마
[EBS1] 역사놀이패 아리아리,역사놀이패 아리아리
[EBS1] 역사의 문을 여는 문화재여행,역사의 문을 여는 문화재여행
[EBS1] 왕초보 영어,왕초보 영어
[EBS1] 오늘 뭐하고 놀지,오늘 뭐하고 놀지
[EBS1] 우리끼리 비밀기지,우리끼리 비밀기지
[EBS1] 우리만 이런가,우리만 이런가
[EBS1] 위인극장 리턴즈,위인극장 리턴즈
[EBS1] 위인극장 리턴즈,위인극장
[EBS1] 예술교육다큐-아티스트,예술교육다큐-아티스트
[EBS1] 예술아 놀자 시즌2,예술아 놀자 시즌2
[EBS1] 장학퀴즈-학교에 가다,장학퀴즈-학교에 가다
[EBS1] 장학퀴즈-드림서클,장학퀴즈-드림서클
[EBS1] 조식포함 아파트,조식포함 아파트
[EBS1] 중2끼리 하우스,중2끼리 하우스
[EBS1] 지식의 기쁨,지식의 기쁨
[EBS1] 지식채널e,지식채널e
[EBS1] 지식채널e,지식채널e 1
[EBS1] 지식채널e,지식채널e 2
[EBS1] 지식채널e,지식채널e 3
[EBS1] 지식채널e,지식채널e 4
[EBS1] 직업탐구 별일입니다,직업탐구 별일입니다
[EBS1] 직장탐구 팀,직장탐구 팀
[EBS1] 질문 있는 특강쇼 - 빅뱅,질문 있는 특강쇼 - 빅뱅
[EBS1] 질문 있는 특강쇼 - 빅뱅,질문 있는 특강쇼 빅뱅
[EBS1] 초이슈,초이슈
[EBS1] 최고다 호기심딱지 시즌4,최고다 호기심딱지 시즌4
[EBS1] 최고다 호기심딱지 시즌4,최고다 호기심딱지
[EBS1] 특집다큐 김과장 사장되다,특집다큐 김과장 사장되다
[EBS1] 특집 설민석의 독도로,특집 설민석의 독도로
[EBS1] 특집 부모특강-0,특집 부모특강-0
[EBS1] 파란만장,파란만장
[EBS1] 한국에 산다,한국에 산다
[EBS1] 행복한 교육세상,행복한 교육세상
[EBS1] 호모 이코노미쿠스,호모이코노미쿠스
[EBS1] 호모 이코노미쿠스,호모 이코노미쿠스
[EBS1] 호모 이코노미쿠스 시즌2,호모 이코노미쿠스 2
[EBS1] EBS 교육저널,EBS 교육저널
[EBS1] EBS 다큐프라임,EBS 다큐프라임
[EBS1] EBS 특별기획 통찰,EBS 특별기획 통찰
[EBS1] EBS 특별기획-인생이 학교다,EBS 특별기획-인생이 학교다
[GomTV] 방구석 홈트,방구석 홈트
[GomTV] 스튜디오 K - 구라철,스튜디오 K - 구라철
[iHQ] 리더의 연애,리더의 연애
[iHQ] 마시는 녀석들,마시는 녀석들
[iHQ] 별에서 온 퀴즈,별에서 온 퀴즈
[iHQ] 언니가 쏜다,언니가 쏜다
[JTBC] 18 어게인,18 어게인
[JTBC] 77억의 사랑,77억의 사랑
[JTBC] JTBC 팩추얼,JTBC 팩추얼
[JTBC] JTBC 팩추얼,JTBC 팩추얼 여기태그
[JTBC] 가장 보통의 가족,가장 보통의 가족
[JTBC] 가장 완벽한 AI 인간지능,가장 완벽한 AI 인간지능
[JTBC] 같이 걸을까,같이 걸을까
[JTBC] 갬성캠핑,갬성캠핑
[JTBC] 고민을 입력하세요 GO STOP,고민을 입력하세요 GO STOP
[JTBC] 교칙위반 수학여행,교칙위반 수학여행
[JTBC] 김제동의 톡투유 2,김제동의 톡투유 2
[JTBC] 그림도둑들,그림도둑들
[JTBC] 괴물,괴물
[JTBC] 꿈스타그램,꿈스타그램
[JTBC] 날 보러와요,날 보러와요
[JTBC] 너의 노래는,너의 노래는
[JTBC] 내 생애 첫 독립선언 독립만세,내 생애 첫 독립선언 독립만세
[JTBC] 내 아이는 취업왕 두드림,내 아이는 취업왕 두드림
[JTBC] 내 연애의 기억,내 연애의 기억
[JTBC] 밤도깨비,밤도깨비
[JTBC] 나도 CEO 시즌2,나도 CEO 시즌2
[JTBC] 나의 외사친,나의 외사친
[JTBC] 냉장고를 부탁해,냉장고를 부탁해
[JTBC] 다큐 플러스,다큐 플러스
[JTBC] 도민의 승부 이기면 쏜다,도민의 승부 이기면 쏜다
[JTBC] 독립만세,독립만세
[JTBC] 두 도시 이야기,두 도시 이야기
[JTBC] 두 도시 이야기 수원개성,두 도시 이야기 수원개성
[JTBC] 라이징 클럽,라이징 클럽
[JTBC] 랜선라이프,랜선라이프
[JTBC] 막 나가는 뉴스쇼,막 나가는 뉴스쇼
[JTBC] 말하는 대로,말하는 대로
[JTBC] 멜로디책방,멜로디책방
[JTBC] 뭉쳐야 뜬다,뭉쳐야 뜬다
[JTBC] 뭉쳐야 뜬다 시즌2,뭉쳐야 뜬다 시즌2
[JTBC] 뭉쳐야 쏜다,뭉쳐야 쏜다
[JTBC] 뭉쳐야 찬다,뭉쳐야 찬다
[JTBC] 뭉쳐야 찬다2,뭉쳐야 찬다2
[JTBC] 뭐든지 줄세우는 괴팍한 5형제,뭐든지 줄세우는 괴팍한 5형제
[JTBC] 미래교육 특별기획 유년의 숲,미래교육 특별기획 유년의 숲
[JTBC] 미식가이드 맛슐랭,미식가이드 맛슐랭
[JTBC] 믹스앤더시티,믹스앤더시티
[JTBC] 바라던 바다,바라던 바다
[JTBC] 방구석 1열,방구석 1열
[JTBC] 밥 잘 사주는 예쁜 누나,밥 잘 사주는 예쁜 누나
[JTBC] 버킷 온 라이브,버킷 온 라이브
[JTBC] 별다방,별다방
[JTBC] 배달GAYO 신비한 레코드샵,배달GAYO 신비한 레코드샵
[JTBC] 백종원의 국민음식 - 글로벌 푸드 편,백종원의 국민음식 - 글로벌 푸드 편
[JTBC] 비긴 어게인 시즌2,비긴 어게인 시즌2
[JTBC] 비긴 어게인 시즌3,비긴어게인 시즌3
[JTBC] 비긴어게인 오픈마이크,비긴어게인 오픈마이크
[JTBC] 비긴 어게인 코리아,비긴어게인 코리아
[JTBC] 비긴 어게인 Reunion,비긴어게인 Reunion
[JTBC] 비만과의 전쟁 즐거운 감량생활,비만과의 전쟁 즐거운 감량생활
[JTBC] 비정상회담,비정상회담
[JTBC] 사서고생,사서고생
[JTBC] 사서고생2,사서고생2
[JTBC] 사서고생2,사서고생2-팔아다이스
[JTBC] 서-평 두 도시 이야기,서-평 두 도시 이야기
[JTBC] 서울엔 우리집이 없다,서울엔 우리집이 없다
[JTBC] 세리머니 클럽,세리머니 클럽
[JTBC] 슈가맨 2,슈가맨 2
[JTBC] 슈가맨 3,슈가맨 시즌3
[JTBC] 슈가맨 3,투유 프로젝트 슈가맨 3
[JTBC] 슈퍼밴드,슈퍼밴드
[JTBC] 슈퍼밴드 2 비긴즈,슈퍼밴드 2 비긴즈
[JTBC] 슈퍼밴드 2,슈퍼밴드 2
[JTBC] 쉘위치킨,쉘위치킨
[JTBC] 스타와 직거래 유랑마켓,스타와 직거래 유랑마켓
[JTBC] 스테이지K,스테이지K
[JTBC] 시지프스,JTBC 10주년 특별기획 시지프스
[JTBC] 싱어게인,싱어게인
[JTBC] 아는 형님,아는 형님
[JTBC] 아이돌 피싱캠프,아이돌 피싱캠프
[JTBC] 아형 방과 후 활동,아형 방과 후 활동
[JTBC] 악플의 밤,악플의 밤
[JTBC] 양식의 양식,양식의 양식
[JTBC] 어서 말을 해,어서 말을 해
[JTBC] 어썸피드,어썸피드
[JTBC] 영국의 품격 브리티시 럭셔리를 만나다,영국의 품격 브리티시 럭셔리를 만나다
[JTBC] 오늘 굿데이,오늘 굿데이
[JTBC] 오늘부터 파티시에,오늘부터 파티시에
[JTBC] 오늘의 운세,오늘의 운세
[JTBC] 와썹 K-할매,와썹 K-할매
[JTBC] 요즘애들,요즘애들
[JTBC] 웃고 떠들고 맛있는 하우스,웃고 떠들고 맛있는 하우스
[JTBC] 위대한 배태랑,위대한 배태랑
[JTBC] 유명가수전,유명가수전
[JTBC] 유학 다녀오겠습니다 in 몰타,유학 다녀오겠습니다 in 몰타
[JTBC] 육자회담,육자회담
[JTBC] 이론상 완벽한 남자,이론상 완벽한 남자
[JTBC] 이방인,이방인
[JTBC] 이태리 오징어순대집,이태리 오징어순대집
[JTBC] 워너비,워너비
[JTBC] 잡스,잡스
[JTBC] 장동건의 백 투 더 북스,장동건의 백 투 더 북스
[JTBC] 장르만 코미디,장르만 코미디
[JTBC] 전체관람가,전체관람가
[JTBC] 정산회담,정산회담
[JTBC] 주간 여행자,주간 여행자
[JTBC] 지구형 인간,지구형 인간
[JTBC] 지상 최대 고백쇼 비밀기획단,지상 최대 고백쇼 비밀기획단
[JTBC] 착하게 살자,착하게 살자
[JTBC] 창사기획 평화전쟁 1019,JTBC 창사기획 평화전쟁 1019
[JTBC] 체인지,체인지
[JTBC] 체험 사람의 현장 막나가쇼,체험 사람의 현장 막나가쇼
[JTBC] 팀 셰프,팀 셰프
[JTBC] 트래블러,트래블러
[JTBC] 트래블러 아르헨티나,트래블러 아르헨티나
[JTBC] 특별기획 자율주행게임쇼 도시탈출 라이브,특별기획 자율주행게임쇼 도시탈출 라이브 
[JTBC] 팬텀싱어 2,팬텀싱어 2
[JTBC] 팬텀싱어 3,팬텀싱어 3
[JTBC] 팬텀싱어 스페셜 콘서트,팬텀싱어 스페셜 콘서트
[JTBC] 팬텀싱어 올스타전,팬텀싱어 올스타전
[JTBC] 차이나는 클라스,차이나는 클라스
[JTBC] 찰떡콤비,찰떡콤비
[JTBC] 취존생활,취존생활
[JTBC] 캠핑클럽,캠핑클럽
[JTBC] 한끼줍쇼,한끼줍쇼
[JTBC] 한명회,한명회
[JTBC] 할명수,할명수
[JTBC] 해방타운,해방타운
[JTBC] 해볼라고,해볼라고
[JTBC] 헨리의 방구석 콘서트,헨리의 방구석 콘서트
[JTBC] 호구의 차트,호구의 차트
[JTBC] 혼족어플,혼족어플
[JTBC] 효리네 민박 시즌2,효리네 민박 시즌2
[JTBC] 효리네 민박 시즌2,효리네민박 시즌2
[JTBC] 히든싱어5,히든싱어5
[JTBC] 히든싱어6,히든싱어6
[JTBC] 히든싱어6,히든싱어 6
[JTBC] 히든싱어6 감독판,히든싱어6 감독판
[JTBC] 히트맨,히트맨
[JTBC] 히트맨 시즌2,히트맨 시즌2
[JTBC] SKY 머슬,SKY 머슬
[JTBC] TV정보쇼 빅픽처,TV정보쇼 빅픽처
[JTBC] TV정보쇼 아지트,TV정보쇼 아지트
[JTBC] TV정보쇼 오아시스,TV정보쇼 오아시스
[KBS1] ABU TV 송 페스티벌 2020,ABU TV 송 페스티벌 2020
[KBS1] 강연 100C,강연 100C
[KBS1] 거리의 만찬 아주 보통의 학교,거리의 만찬 아주 보통의 학교
[KBS1] 거리의 만찬,거리의 만찬
[KBS1] 국악 뮤지컬 드라마 구미호 레시피,국악 뮤지컬 드라마 구미호 레시피
[KBS1] 과학으로 보는 세상 SEE,과학으로 보는 세상 SEE
[KBS1] 기술강국 프로젝트 중견만리,KBS 기술강국 프로젝트 중견만리
[KBS1] 다큐 인사이트,다큐 인사이트
[KBS1] 다큐 온,다큐 온
[KBS1] 다큐멘터리 3일,다큐멘터리 3일
[KBS1] 다큐세상,다큐세상
[KBS1] 더 라이브,더 라이브
[KBS1] 도올아인 오방간다,도올아인 오방간다
[KBS1] 도전 골든벨,청소년 기획 도전 골든벨
[KBS1] 레트로 감성다큐 핸드메이드,레트로 감성다큐 핸드메이드
[KBS1] 명견만리,명견만리
[KBS1] 명견만리 Q100,명견만리 Q100
[KBS1] 맨발의 기적 희망의 슛을 날리다,맨발의 기적 희망의 슛을 날리다
[KBS1] 미래기획 2030,미래기획 2030
[KBS1] 사장님이 미쳤어요 시즌4,사장님이 미쳤어요 시즌4
[KBS1] 새만금 표류기,새만금 표류기
[KBS1] 소녀들의 농구일기,소녀들의 농구일기
[KBS1] 시리즈 지식 다큐멘터리 링크,시리즈 지식 다큐멘터리 링크
[KBS1] 시민의회,시민의회
[KBS1] 신장개업 운동 맛집,신장개업 운동 맛집
[KBS1] 싱스트릿 커넥티드,싱스트릿 커넥티드
[KBS1] 스포츠문제아들,스포츠문제아들
[KBS1] 안녕 우리말,안녕 우리말
[KBS1] 역사저널 그날,역사저널 그날
[KBS1] 우리 다시 더 발레,우리 다시 더 발레
[KBS1] 우리들의 공교시 시즌2,우리들의 공교시 시즌2
[KBS1] 오늘밤 김제동,오늘밤 김제동
[KBS1] 요리인류-서울의 맛,요리인류-서울의 맛
[KBS1] 이리오너라 조선클럽,이리오너라 조선클럽
[KBS1] 이슈 픽 쌤과 함께,이슈 픽 쌤과 함께
[KBS1] 조선팝 드랍 더 비트,조선팝 드랍 더 비트
[KBS1] 즐거운 챔피언 시즌2,즐거운 챔피언 시즌2
[KBS1] 지구를 지키는 20가지 제안,지구를 지키는 20가지 제안
[KBS1] 질문하는 기자들 Q,질문하는 기자들 Q
[KBS1] 천상의 컬렉션,천상의 컬렉션
[KBS1] 청년 일자리 프로젝트 사장님이 미쳤어요,청년 일자리 프로젝트 사장님이 미쳤어요
[KBS1] 청년 일자리 프로젝트 사장님이 미쳤어요,KBS 청년 일자리 프로젝트 사장님이 미쳤어요
[KBS1] 청소년공감 콘서트 온드림스쿨,청소년공감 콘서트 온드림스쿨
[KBS1] 청소년공감 콘서트 온드림스쿨,청소년 공감 콘서트 온드림스쿨
[KBS1] 2020 청소년 공감 콘서트 온드림스쿨,2020 청소년 공감 콘서트 온드림스쿨
[KBS1] 청소년 공감콘서트 온 드림 스쿨-방학특집,방학특집 청소년 공감콘서트 온 드림 스쿨
[KBS1] 청소년 특별기획 온드림스쿨 스페셜,KBS 청소년 특별기획 온드림스쿨 스페셜
[KBS1] 최태성 이윤석의 역사기행 그곳,최태성 이윤석의 역사기행 그곳
[KBS1] 클래시컬 다이어리,클래시컬 다이어리
[KBS1] 특집 다큐멘터리 더 게이머,특집 다큐멘터리 더 게이머
[KBS1] 한국사기,한국사기
[KBS1] 한국인의 노래,한국인의 노래
[KBS1] 행복한 지도,행복한 지도
[KBS1] 호모 미디어쿠스,호모 미디어쿠스
[KBS1] KBS 스페셜,KBS 스페셜
[KBS1] KBS 혁신프로젝트 끝까지 깐다,KBS 혁신프로젝트 끝까지 깐다
[KBS2] 1%의 우정,1%의 우정
[KBS2] 6자회담,6자회담
[KBS2] 거기가 어딘데,거기가 어딘데
[KBS2] 건반 위의 하이에나,건반 위의 하이에나
[KBS2] 개그 콘서트,개그 콘서트
[KBS2] 개그 콘서트,개그콘서트
[KBS2] 경찰수업,경찰수업
[KBS2] 고립낙원,고립낙원
[KBS2] 김생민의 영수증,김생민의 영수증
[KBS2] 김생민의 영수증 시즌2,김생민의 영수증 시즌2
[KBS2] 꿀잼 영화가 좋다,꿀잼 영화가 좋다
[KBS2] 날아라 슛돌이 뉴 비기닝,날아라 슛돌이 뉴 비기닝
[KBS2] 날아라 슛돌이 뉴 비기닝 스페셜,날아라 슛돌이 뉴 비기닝 스페셜
[KBS2] 날아라 슛돌이 뉴 비기닝 스페셜 슛돌이 탐구생활,날아라 슛돌이 뉴 비기닝 스페셜 슛돌이 탐구생활
[KBS2] 놓친 예능 따라잡기,놓친 예능 따라잡기
[KBS2] 대국민 토크쇼 안녕하세요,대국민 토크쇼 안녕하세요
[KBS2] 대국민 토크쇼 안녕하세요,안녕하세요
[KBS2] 대박부동산,대박부동산
[KBS2] 대화의 희열,대화의 희열
[KBS2] 대화의 희열 2,대화의 희열 2
[KBS2] 대화의 희열 3,대화의 희열 3
[KBS2] 댄싱하이,댄싱하이
[KBS2] 더 히트,더 히트
[KBS2] 도시전설,도시전설
[KBS2] 도올학당 수다승철,도올학당 수다승철
[KBS2] 드라맛집 오마주,드라맛집 오마주
[KBS2] 땅만 빌리지,땅만 빌리지
[KBS2] 랜선 장터,랜선 장터
[KBS2] 모두 하우스,모두 하우스
[KBS2] 발레교습소 백조클럽,발레교습소 백조클럽
[KBS2] 배틀 트립,배틀 트립
[KBS2] 배틀 트립,배틀트립
[KBS2] 백종원 클라쓰,백종원 클라쓰
[KBS2] 북유럽,북유럽
[KBS2] 사장님 귀는 당나귀 귀,사장님 귀는 당나귀 귀
[KBS2] 세상의 모든 다큐,세상의 모든 다큐
[KBS2] 셀럽피디,셀럽피디
[KBS2] 썸바이벌 11,썸바이벌 11
[KBS2] 스탠드 업,스탠드 업
[KBS2] 스튜디오 K - 보았다,스튜디오 K - 보았다
[KBS2] 슬기로운 어른이 생활,슬기로운 어른이 생활
[KBS2] 식탁의 기사,식탁의 기사
[KBS2] 신상출시 편스토랑,신상출시 편스토랑
[KBS2] 씨름의 희열,씨름의 희열
[KBS2] 수미산장,수미산장
[KBS2] 스튜디오 K - 게릴라 데이트,스튜디오 K - 게릴라 데이트
[KBS2] 스튜디오 K - 도니 스쿨,스튜디오 K - 도니 스쿨
[KBS2] 스튜디오 K - 도니 스쿨,스튜디오 K
[KBS2] 스튜디오 K 스페셜,스튜디오 K 스페셜
[KBS2] 아이를 위한 나라는 있다,아이를 위한 나라는 있다
[KBS2] 악인전,악인전
[KBS2] 암행어사-조선비밀수사단,암행어사-조선비밀수사단
[KBS2] 엄마 아빠는 외계인,엄마 아빠는 외계인
[KBS2] 영화가 좋다,영화가 좋다
[KBS2] 오늘의 셜록,오늘의 셜록
[KBS2] 옥탑방의 문제아들,옥탑방의 문제아들
[KBS2] 우리가 사랑한 그 노래 새가수,우리가 사랑한 그 노래 새가수
[KBS2] 유희열의 스케치북,유희열의 스케치북
[KBS2] 위 캔 게임,위 캔 게임
[KBS2] 으라차차 만수로,으라차차 만수로
[KBS2] 일자리 천국 굿잡,일자리 천국 굿잡
[KBS2] 입맞춤,입맞춤
[KBS2] 읽어주면 좋고 아니면 냄비받침,읽어주면 좋고 아니면 냄비받침
[KBS2] 잠시만 빌리지,잠시만 빌리지
[KBS2] 전교톱10,전교톱10
[KBS2] 정해인의 걸어보고서,정해인의 걸어보고서
[KBS2] 조선팝 어게인,조선팝 어게인
[KBS2] 좀비탐정,좀비탐정
[KBS2] 지식채집프로젝트 베짱이,지식채집프로젝트 베짱이
[KBS2] 철부지 브로망스 - 절찬상영중,철부지 브로망스 - 절찬상영중
[KBS2] 철부지 브로망스-용띠클럽,철부지 브로망스-용띠클럽
[KBS2] 청소년 특별기획 스펀지 스페셜,KBS 청소년 특별기획 스펀지 스페셜
[KBS2] 축구야구말구,축구야구말구
[KBS2] 컴백홈,컴백홈
[KBS2] 트롯 매직유랑단,트롯 매직유랑단
[KBS2] 트롯 전국외전- TOP8 스토리 무삭제판,트롯 전국외전- TOP8 스토리 무삭제판
[KBS2] 트롯 전국체전,트롯 전국체전
[KBS2] 트롯 전국체전 스페셜 갈라쇼,트롯 전국체전 스페셜 갈라쇼
[KBS2] 투페이스,투페이스
[KBS2] 표리부동,표리부동
[KBS2] 프리즘, 프리즘
[KBS2] 플레이 서울,플레이 서울
[KBS2] 하룻밤만 재워줘,하룻밤만 재워줘
[KBS2] 해피 투게더,해피 투게더
[KBS2] 해피 투게더,해피투게더
[KBS2] 해피 투게더 4,해피투게더 4
[KBS2] 회사 가기 싫어,회사 가기 싫어
[KBS2] 회사 가기 싫어 2019,회사 가기 싫어 2019
[KBS2] e스포츠 특집 더 드리머,e스포츠 특집 더 드리머
[KBS2] TV 라떼는,TV 라떼는
[KBS2] VJ 특공대,VJ 특공대
[K STAR] 더 프렌즈 in 아드리아 해,더 프렌즈 in 아드리아 해
[K STAR] 오지GO 지리GO,오지GO 지리GO
[KBS Joy] 나는 차였어,나는 차였어
[KBS Joy] 나는 차였어 - 겨울이야기,나는 차였어 - 겨울이야기
[KBS Joy] 무엇이든 물어보살,무엇이든 물어보살
[KBS Joy] 썰바이벌,썰바이벌
[KBS Joy] 이십세기 힛-트쏭,이십세기 힛-트쏭
[KBS Joy] 차트를 달리는 남자,차트를 달리는 남자
[LIFETIME] 파자마 프렌즈,파자마 프렌즈
[MBC every1] 고민말고 GO,고민말고 GO
[MBC every1] 김구라의 공인중재사,김구라의 공인중재사
[MBC every1] 나는 매일 택배를 뜯는다,나는 매일 택배를 뜯는다
[MBC every1] 나는 트로트 가수다,나는 트로트 가수다
[MBC every1] 달라서 간다,달라서 간다
[MBC every1] 대한 외국인,대한 외국인
[MBC every1] 도시경찰 - KCSI,도시경찰 - KCSI
[MBC every1] 룩앳미,룩앳미
[MBC every1] 매점오빠는 영업 중,매점오빠는 영업 중
[MBC every1] 미식돌스,미식돌스
[MBC every1] 바다경찰,바다경찰
[MBC every1] 비디오 스타,비디오 스타
[MBC every1] 어서와 한국은 처음이지,어서와 한국은 처음이지
[MBC every1] 어서와 한국은 처음이지 시즌2,어서와 한국은 처음이지 시즌2
[MBC every1] 어서와 한국은 처음이지 시즌2,어서와 한국은 처음이지 2
[MBC every1] 어서와 한국은 처음이지 시즌2,어서와 한국은 처음이지 시즌 2
[MBC every1] 영화 왓수다,영화 왓수다
[MBC every1] 주문바다요,주문바다요
[MBC every1] 캐스팅 콜,캐스팅 콜
[MBC MUSIC] 노래방 차트쇼 우선예약,노래방 차트쇼 우선예약
[MBC MUSIC] 매점오빠는 영업중,매점오빠는 영업중
[MBC MUSIC] 신동의 킥서비스,신동의 킥서비스
[MBC MUSIC] 아이돌 TV,아이돌 TV
[MBC MUSIC] 아이돌 투어 ,아이돌 투어
[MBC MUSIC] 지니 스테이지,지니 스테이지
[MBC] MBC 이즈 백,MBC 이즈 백
[MBC] MBC 이즈 백,특집 MBC 이즈 백
[MBC] OPAL이 빛나는 밤,OPAL이 빛나는 밤
[MBC] 가시나들,가시나들
[MBC] 같이 펀딩,같이 펀딩
[MBC] 검은태양,검은태양
[MBC] 경성판타지,경성판타지
[MBC] 공복자들,공복자들
[MBC] 공부가 머니,공부가 머니
[MBC] 공유의 집,공유의 집
[MBC] 구해줘! 홈즈,구해줘! 홈즈
[MBC] 구해줘! 홈즈,구해줘 홈즈
[MBC] 궁민남편,궁민남편
[MBC] 기억록 100년을 탐험하다,기억록 100년을 탐험하다
[MBC] 끼리끼리,끼리끼리
[MBC] 개미의 꿈,개미의 꿈
[MBC] 낭만클럽,낭만클럽
[MBC] 남의 회사 유랑기 구내식당,남의 회사 유랑기 구내식당
[MBC] 남의 회사 유랑기 구내식당,구내식당-남의 회사 유랑기
[MBC] 내 인생의 노래 송원,내 인생의 노래 송원
[MBC] 놀면 뭐하니,놀면 뭐하니
[MBC] 누가 누굴 인터뷰,누가 누굴 인터뷰
[MBC] 다시 쓰는 차트쇼 지금 1위는,다시 쓰는 차트쇼 지금 1위는
[MBC] 다큐 플렉스,다큐플렉스
[MBC] 돈벌래,돈벌래
[MBC] 돈스파이크의 먹다보면,돈스파이크의 먹다보면
[MBC] 두니아-처음 만난 세계,두니아-처음 만난 세계
[MBC] 뜻밖의 Q,뜻밖의 Q
[MBC] 랭킹쇼 123,랭킹쇼 123
[MBC] 마이 리틀 텔레비전 V2,마이 리틀 텔레비전 V2
[MBC] 미치지 않고서야,미치지 않고서야
[MBC] 바꿔줘 홈즈,바꿔줘! 홈즈
[MBC] 바꿔줘 홈즈,바꿔줘 홈즈
[MBC] 배달고파 일단시켜,배달고파 일단시켜
[MBC] 배철수 잼,배철수 잼
[MBC] 백파더 편의점 디너쇼,백파더 편의점 디너쇼
[MBC] 볼빨간 라면연구소.추석특집,추석특집 볼빨간 라면연구소
[MBC] 볼빨간 신선놀음,볼빨간 신선놀음
[MBC] 비밀낭독회 밝히는 작자들,비밀낭독회 밝히는 작자들
[MBC] 비긴어게임,비긴어게임
[MBC] 빈집 살래 in 서울 확장판,빈집 살래 in 서울 확장판
[MBC] 삐그덕 히어로즈,삐그덕 히어로즈
[MBC] 사진 정리 서비스 폰클렌징,사진 정리 서비스 폰클렌징
[MBC] 선을 넘는 녀석들,선을 넘는 녀석들
[MBC] 선을 넘는 녀석들 마스터-X,선을 넘는 녀석들 마스터-X
[MBC] 선을 넘는 녀석들-한반도 편,선을 넘는 녀석들-한반도 편
[MBC] 선을 넘는 녀석들-한반도 편,선을 넘는 녀석들-한반도
[MBC] 선을 넘는 녀석들 리턴즈,선을 넘는 녀석들 리턴즈
[MBC] 세상 끝까지 와우,세상 끝까지 와우
[MBC] 세상의 모든 방송,세상의 모든 방송
[MBC] 시리즈 M,시리즈 M
[MBC] 신기루 식당,신기루 식당
[MBC] 실화탐사대,실화탐사대
[MBC] 심야괴담회,심야괴담회
[MBC] 쓰리박,쓰리박
[MBC] 아무튼 출근,아무튼 출근
[MBC] 안싸우면 다행이야,안싸우면 다행이야
[MBC] 어쩌다 하루,어쩌다 하루
[MBC] 오 나의 파트너,오 나의 파트너
[MBC] 오지의 마법사,오지의 마법사
[MBC] 우리지금만담,우리지금만담
[MBC] 유아더월드,유아더월드
[MBC] 이불 밖은 위험해,이불 밖은 위험해
[MBC] 전지적 참견 시점,전지적 참견 시점
[MBC] 전지적 참견 시점 - 영자미식회,전지적 참견 시점 영자미식회
[MBC] 진짜사나이 300,진짜사나이 300
[MBC] 창사60주년 특집 VR 휴먼다큐 너를 만났다 로망스,창사60주년 특집 VR 휴먼다큐 너를 만났다 로망스
[MBC] 책의 해 특집 비블리오 배틀,책의 해 특집 비블리오 배틀
[MBC] 카이로스,카이로스
[MBC] 킬빌,킬빌
[MBC] 판결의 온도,판결의 온도
[MBC] 편애중계,편애중계
[MBC] 토크 노마드-아낌없이 주도록,토크 노마드-아낌없이 주도록
[MBC] 토크 노마드-아낌없이 주도록,토크노마드-아낌없이 주도록
[MBC] 트로트명가 최애엔터테인먼트,트로트명가 최애엔터테인먼트
[MBC] 트로트의 민족,트로트의 민족
[MBC] 트로트의 민족 카운트다운,트로트의 민족 카운트다운
[MBC] 트로트의 민족 갈라쇼,트로트의 민족 갈라쇼
[MBC] 폐업요정,MBC 폐업요정
[MBC] 하하랜드,하하랜드
[MBC] 하하랜드 2,하하랜드 2
[MBC] 할머니네 똥강아지,할머니네 똥강아지
[MBC] 황금어장 - 라디오스타,라디오스타
[MBC] 가치 들어요,가치 들어요
[MBN] 개미랑 노는 베짱이,개미랑 노는 베짱이
[MBN] 기부 앤 테이크 사세요,기부 앤 테이크 사세요
[MBN] 나야나,나야나
[MBN] 내 친구 소개팅,내 친구 소개팅
[MBN] 더 먹고 가,더 먹고 가
[MBN] 드루와,드루와
[MBN] 로또싱어,로또싱어
[MBN] 미쓰백,미쓰백
[MBN] 병아리 하이킥,병아리 하이킥
[MBN] 보이스 킹,보이스 킹
[MBN] 보이스 킹 영광의 Top10 최고의 순간,보이스 킹 영광의 Top10 최고의 순간
[MBN] 보이스 퀸,보이스 퀸
[MBN] 보이스 트롯,보이스 트롯
[MBN] 비행소녀,비행소녀
[MBN] 사건기록 그날의 선택,사건기록 그날의 선택
[MBN] 사극 대본 리딩쇼 왕과 여자,사극 대본 리딩쇼 왕과 여자
[MBN] 사인히어,사인히어
[MBN] 소문난 님과 함께,소문난 님과 함께
[MBN] 스라소니 아카데미,스라소니 아카데미
[MBN] 신동엽의 고수외전,신동엽의 고수외전
[MBN] 신비한 동물퀴즈,신비한 동물퀴즈
[MBN] 써치,써치
[MBN] 아는 척 쌀롱 스라소니 아카데미,아는 척 쌀롱 스라소니 아카데미
[MBN] 어느 별에서 왔니,어느 별에서 왔니
[MBN] 여왕의 전쟁-라스트 싱어,여왕의 전쟁-라스트 싱어
[MBN] 여왕의 전쟁-트로트 퀸,여왕의 전쟁-트로트 퀸
[MBN] 오늘 쉴래요,오늘 쉴래요
[MBN] 오늘도 배우다,오늘도 배우다
[MBN] 와일드 와일드 퀴즈,와일드 와일드 퀴즈
[MBN] 역사 드라마 쑈 왕과 여자,역사 드라마 쑈 왕과 여자
[MBN] 우리동네 맛집 탐방 미식클럽,우리동네 맛집 탐방 미식클럽
[MBN] 인생앨범 예스터데이,인생앨범 예스터데이
[MBN] 자연스럽게,자연스럽게
[MBN] 전국방방쿡쿡,전국방방쿡쿡
[MBN] 조선판스타,조선판스타
[MBN] 지구방위대,지구방위대
[MBN] 책잇아웃 책장을 보고싶어,책잇아웃 책장을 보고싶어
[MBN] 최고의 한방,최고의 한방
[MBN] 친한 예능,친한 예능
[MBN] 카트쇼,카트쇼
[MBN] 카트쇼 2,카트쇼 2
[MBN] 트롯 파이터,트롯 파이터
[MBN] 트롯 파이터,트롯파이터
[MBN] 폼나게 가자 내멋대로,폼나게 가자 내멋대로
[MBN] 헬로우 방 있어요,헬로우 방 있어요
[MBN] 현실남녀,현실남녀
[MBN] 현실남녀 2,현실남녀 2
[MBN] 호동's 캠핑존 - 골라자봐,호동's 캠핑존 - 골라자봐
[MBN] 호동's 캠핑존 - 골라자봐,호동's 캠핑존 골라자봐
[MBN] 황금알2,황금알2
[MBN] 훈맨정음,훈맨정음
[MBN] 희망의 보이스,희망의 보이스
[Mnet] 1억 탕진 레이블릴 MONEY,1억탕진레이블릴MONEY
[Mnet] 2020 MAMA 능력고사 꼭가마,2020 MAMA 능력고사 꼭가마
[Mnet] 걸스플래닛999 마스터 라인업 첫 만남,걸스플래닛999 마스터 라인업 첫 만남
[Mnet] 걸스플래닛999 참가자 개인 PR,걸스플래닛999 참가자 개인 PR
[Mnet] 걸스플래닛999 - 소녀대전,걸스플래닛999 - 소녀대전
[Mnet] 고등래퍼 2,고등래퍼 2
[Mnet] 고등래퍼 3,고등래퍼 3
[Mnet] 고등래퍼 4,고등래퍼 4
[Mnet] 곡FARM,곡FARM
[Mnet] 내 사람친구의 연애,내 사람친구의 연애
[Mnet] 내 안의 발라드,내 안의 발라드
[Mnet] 너의 목소리가 보여 8, 너의 목소리가 보여 8
[Mnet] 너희가 힙합을 아느냐,너희가 힙합을 아느냐
[Mnet] 너희가 힙합을 아느냐 하이라이트,너희가 힙합을 아느냐 하이라이트
[Mnet] 니가 알던 내가 아냐,니가 알던 내가 아냐
[Mnet] 니가 알던 내가 아냐 V2,니가 알던 내가 아냐2
[Mnet] 다시 한번,다시 한번
[Mnet] 달리는 사이,달리는 사이
[Mnet] 더 꼰대 라이브,더 꼰대 라이브
[Mnet] 더 마스터 - 음악의 공존,더 마스터 - 음악의 공존
[Mnet] 더 플레이리스트,더 플레이리스트
[Mnet] 더 콜,더 콜
[Mnet] 더 콜 2,더 콜 2
[Mnet] 덕후의 상상은 현실이 된다,덕후의 상상은 현실이 된다
[Mnet] 러브캐처,러브캐처
[Mnet] 로드 투 킹덤,로드 투 킹덤
[Mnet] 무대에진심인편,무대에진심인편
[Mnet] 방문교사,방문교사
[Mnet] 배부른 소리,배부른 소리
[Mnet] 보이스 코리아 2020,보이스 코리아 2020
[Mnet] 브레이커스,브레이커스
[Mnet] 비포 썸바디,비포 썸바디
[Mnet] 썸바디,썸바디
[Mnet] 쇼미더머니 트리플세븐,쇼미더머니 트리플세븐
[Mnet] 쇼미더머니 트리플세븐 에필로그,쇼미더머니 트리플세븐 에필로그
[Mnet] 쇼미더머니 8,쇼미더머니 8
[Mnet] 쇼미더머니 9,쇼미더머니 9
[Mnet] 슈퍼인턴,슈퍼인턴
[Mnet] 스튜디오 음악당,스튜디오 음악당
[Mnet] 스트릿 우먼 파이터,스트릿 우먼 파이터
[Mnet] 유학소녀,유학소녀
[Mnet] 캡틴,캡틴
[Mnet] 킹덤 - 레전더리 워,킹덤 - 레전더리 워
[Mnet] 퀴즈와 음악 사이,퀴즈와 음악 사이
[Mnet] 퀸덤,퀸덤
[Mnet] 포커스FOLK US,포커스FOLK US
[Mnet] GOOD GIRL - 누가 방송국을 털었나,GOOD GIRL - 누가 방송국을 털었나
[Mnet] Only One Of 연애 잠금 해제,Only One Of 연애 잠금 해제
[Mnet] SVT 클럽,SVT 클럽
[Mnet] TMI NEWS,TMI NEWS
[Mnet] To be World Klass,To be World Klass
[Netflix] 비정규직 아이돌,비정규직 아이돌
[OCN] 경이로운 소문,경이로운 소문
[OCN] 다크홀,다크홀
[OCN] 손 the guest,손 the guest
[OGN] 퍼펙트 센스,퍼펙트 센스
[OLIVE] 노포래퍼,노포래퍼
[OLIVE] 다해먹는 요리학교 오늘뭐먹지,다해먹는 요리학교 오늘뭐먹지
[OLIVE] 다해먹는 요리학교 오늘뭐먹지,다해먹는요리학교-오늘뭐먹지
[OLIVE] 대만미식회,대만미식회
[OLIVE] 라끼남,라끼남
[OLIVE] 마음에 들어,마음에 들어
[OLIVE] 마이박스,마이박스
[OLIVE] 모두의 주방,모두의 주방
[OLIVE] 뭐든지 베스트셀러,뭐든지 베스트셀러
[OLIVE] 배고픈데 귀찮아,배고픈데 귀찮아
[OLIVE] 식벤져스,식벤져스
[OLIVE] 슬기로운 생활,슬기로운 생활
[OLIVE] 여기 GO,여기 GO
[OLIVE] 여기 GO,여기GO
[OLIVE] 오늘부터 1일,오늘부터 1일
[OLIVE] 원데이힐링트립,원데이힐링트립
[OLIVE] 원데이힐링트립 시즌2,원데이힐링트립 시즌2
[OLIVE] 원픽로드,원픽로드
[OLIVE] 이렇게 살아보고 싶다,이렇게 살아보고 싶다
[OLIVE] 지혜로운 소비생활,지혜로운 소비생활
[OLIVE] 트래블메이트,트래블메이트
[OLIVE] 프리한마켓 10,프리한마켓 10
[OLIVE] 프리한마켓 10,프리한 마켓 10
[OLIVE] 한식대첩-고수외전,한식대첩-고수외전
[On Style] 뜨거운 사이다,뜨거운 사이다
[On Style] 마이리얼트립,마이리얼트립
[On Style] 사이어필,사이어필
[On Style] 송지효의 뷰티풀라이프,송지효의 뷰티풀라이프
[On Style] 열정 같은 소리,열정 같은 소리
[O tvN] 어쩌다 어른,어쩌다 어른
[O tvN] 어쩌다 어른 크로스,어쩌다 어른 크로스
[O tvN] 어쩌다 어른 2019,어쩌다 어른 2019
[SBS] e스포츠 매거진 GG,e스포츠 매거진 GG
[SBS] 가로채널,가로채널
[SBS] 게임쇼 유희낙락,게임쇼 유희낙락
[SBS] 골 때리는 그녀들,골 때리는 그녀들
[SBS] 그것이 알고 싶다,그것이 알고 싶다
[SBS] 김어준의 블랙하우스,김어준의 블랙하우스
[SBS] 골 때리는 그녀들 워밍업,골 때리는 그녀들 워밍업
[SBS] 꼬리에 꼬리를 무는 그날 이야기,꼬리에 꼬리를 무는 그날 이야기
[SBS] 꼬리에 꼬리를 무는 그날 이야기 2,꼬리에 꼬리를 무는 그날 이야기 2
[SBS] 나의 영어 사춘기,나의 영어 사춘기
[SBS] 나의 판타집,나의 판타집
[SBS] 남사친 여사친,남사친 여사친
[SBS] 내 방을 여행하는 낯선 이를 위한 안내서,내 방을 여행하는 낯선 이를 위한 안내서
[SBS] 당신이 혹하는 사이,당신이 혹하는 사이
[SBS] 당신이 혹하는 사이 2,당신이 혹하는 사이 2
[SBS] 더 팬,더 팬
[SBS] 돈 워리 스쿨,돈맹탈출 사관학교 돈워리스쿨
[SBS] 돈 워리 스쿨,돈 워리 스쿨
[SBS] 돈 워리 스쿨,돈워리스쿨
[SBS] 돈 워리 스쿨 2,돈워리 스쿨 2
[SBS] 떠나기 좋은 날 여행 가방,떠나기 좋은 날 여행 가방
[SBS] 라우드,라우드
[SBS] 로맨스 패키지,로맨스 패키지
[SBS] 맛남의 광장,맛남의 광장
[SBS] 맨 인 블랙박스,맨 인 블랙박스
[SBS] 모범택시,모범택시
[SBS] 무확행,무확행
[SBS] 문명특급 다시 컴백해도 눈 감아줄 명곡,문명특급 다시 컴백해도 눈 감아줄 명곡
[SBS] 미운 우리 새끼,미운 우리 새끼
[SBS] 박스 라이프,박스 라이프
[SBS] 박장데소,박장데소
[SBS] 박진영의 파티피플,박진영의 파티피플
[SBS] 배낭 메고 인생 네 컷,배낭 메고 인생 네 컷
[SBS] 배가본드,배가본드
[SBS] 빅픽처 패밀리,빅픽처 패밀리
[SBS] 파일럿 방과 후 힙합,파일럿 방과 후 힙합
[SBS] 백종원의 골목식당,백종원의 골목식당
[SBS] 백종원의 미스터리 키친,백종원의 미스터리 키친
[SBS] 백종원의 푸드트럭,백종원의 푸드트럭
[SBS] 사운드 오브 뮤직 - 음악의 탄색,특집 사운드 오브 뮤직
[SBS] 사운드 오브 뮤직 - 음악의 탄색,특집 사운드 오브 뮤직-음악의 탄생
[SBS] 사운드 오브 뮤직 - 음악의 탄색,사운드 오브 뮤직-음악의 탄생
[SBS] 살짝 미쳐도 좋아,살짝 미쳐도 좋아
[SBS] 선미네 비디오 가게,선미네 비디오 가게
[SBS] 스토브리그,스토브리그
[SBS] 신년특집 세기의 대결 AI vs 인간,신년특집 세기의 대결 AI vs 인간
[SBS] 신발 벗고 돌싱포맨,신발 벗고 돌싱포맨
[SBS] 싱글 와이프,싱글 와이프
[SBS] 애니갤러리,애니갤러리
[SBS] 앨리스,앨리스
[SBS] 영재발굴단,영재발굴단
[SBS] 원더우먼,원더우먼
[SBS] 음악드라마 힙합왕-나스나길,음악드라마 힙합왕-나스나길
[SBS] 이동욱은 토크가 하고 싶어서,이동욱은 토크가 하고 싶어서
[SBS] 고민 해결 리얼리티 - 인터뷰 게임,인터뷰 게임
[SBS] 일요특선 다큐멘터리,일요특선 다큐멘터리
[SBS] 잔혹하고 아름다운 연애도시,잔혹하고 아름다운 연애도시
[SBS] 전설의 무대-레전드12,전설의 무대-레전드12
[SBS] 전설의 무대-아카이브K,전설의 무대-아카이브K
[SBS] 전설의 무대-아카이브K 베스트 스테이지,전설의 무대-아카이브K 베스트 스테이지
[SBS] 접속 무비월드,접속 무비월드
[SBS] 정답누설 퀴즈쇼 오늘 배송,정답누설 퀴즈쇼 오늘 배송
[SBS] 조선구마사,조선구마사
[SBS] 진짜 농구 핸섬타이거즈,진짜 농구 핸섬타이거즈
[SBS] 진짜 농구 핸섬타이거즈,진짜 농구 핸섬 타이거즈
[SBS] 집사부일체,집사부일체
[SBS] 퀴즈몬,퀴즈몬
[SBS] 판타스틱 듀오 2,판타스틱 듀오 2
[SBS] 편의점 샛별이,편의점 샛별이
[SBS] 펜트하우스,펜트하우스
[SBS] 텔레비전에 그게 나왔으면,텔레비전에 그게 나왔으면
[SBS] 토크 콘서트 화통,토크 콘서트 화통
[SBS] 트롯신이 떴다,트롯신이 떴다
[SBS] 트롯신이 떴다 2 라스트 찬스,트롯신이 떴다 2 라스트 찬스
[SBS] 트롯신이 떴다 2 끝나지 않은 이야기,트롯신이 떴다 2 끝나지 않은 이야기
[SBS] 티키타카,티키타카
[SBS] 홍천기,홍천기
[SBS] SBS 스페셜,SBS 스페셜
[SBS CNBC] 집 보러 가는 날,집 보러 가는 날
[SBS CNBC] 한문철의 블랙박스 몇 대 몇,한문철의 블랙박스 몇 대 몇
[SBS FiL] 올드송 감상실 콩다방,올드송 감상실 콩다방
[SBS FiL] 올드송 감상실 콩다방,올드송감상실 콩다방
[SBS MTV] 덕후투어,덕후투어
[SBS MTV] 라이브 온 언플러그드,라이브 온 언플러그드
[SBS MTV] 맞짱의 신,맞짱의 신
[SBS MTV] 반반쇼,반반쇼
[SBS MTV] 빵카로드,빵카로드
[SBS MTV] 스쿨어택 2018,스쿨어택 2018
[SBS MTV] 스쿨어택 2019,스쿨어택 2019
[SBS MTV] 아이돌챌린지어나더클래스,아이돌챌린지어나더클래스
[SBS MTV] 요고바라,요고바라
[SBS MTV] 윤도현의 더 스테이지 빅플레저,윤도현의 더 스테이지 빅플레저
[SBS MTV] 외식하는 날 at HOME,외식하는 날 at HOME
[SBS MTV] 콜라붐신,콜라붐신
[SBS Plus] 밥은 먹고 다니냐 강호동의 밥심,밥은 먹고 다니냐 강호동의 밥심
[SBS Plus] 나는 SOLO,나는 SOLO
[SBS Plus] 내게 ON 트롯,내게 ON 트롯
[SBS Plus] 내기맨,내기맨
[SBS Plus] 맛있는 이야기 음담패썰,맛있는 이야기 음담패썰
[SBS Plus] 맨땅에 한국말,맨땅에 한국말
[SBS Plus] 언니한텐 말해도 돼,언니한텐 말해도 돼
[SBS Plus] 연애도사,연애도사
[SBS Plus] 와이낫 시즌2,와이낫 시즌2
[SBS Plus] 와이낫 시즌3,와이낫 시즌3
[SBS Plus] 이철희의 타짜,이철희의 타짜
[SBS Plus] 쩐당포,쩐당포
[SBS Plus] 톡쏘다,톡쏘다
[SBS Plus] 트렌드 레코드,트렌드 레코드
[SBS Plus] 트렌드 레코드 시즌3,트렌드 레코드 시즌3
[tvN] 300 엑스투,300 엑스투
[tvN] SNL 코리아 시즌9,SNL 코리아 9
[tvN] 간 떨어지는 동거,간 떨어지는 동거
[tvN] 갈릴레오-깨어난 우주,갈릴레오-깨어난 우주
[tvN] 강식당 2,강식당 2
[tvN] 강식당 2,강식당2
[tvN] 검색어를 입력하세요 WWW,검색어를 입력하세요 WWW
[tvN] 개똥이네 철학관,개똥이네 철학관
[tvN] 고교급식왕,고교급식왕
[tvN] 골든 일레븐,골든 일레븐
[tvN] 곽씨네 LP바,곽씨네 LP바
[tvN] 구미호뎐,구미호뎐
[tvN] 국경없는 포차,국경없는 포차
[tvN] 금요일 금요일 밤에,금요일 금요일 밤에
[tvN] 김무명을 찾아라,김무명을 찾아라
[tvN] 김무명을 찾아라 2,김무명을 찾아라 2
[tvN] 김현정의 쎈터-뷰,김현정의 쎈터-뷰
[tvN] 꽃보다 할배,꽃보다 할배
[tvN] 꽃보다 할배 리턴즈,꽃보다 할배 리턴즈
[tvN] 그 녀석들의 이중생활,그 녀석들의 이중생활
[tvN] 그때 나는 내가 되기로 했다,그때 나는 내가 되기로 했다
[tvN] 나는 살아있다,나는 살아있다
[tvN] 나의 수학 사춘기,나의 수학 사춘기
[tvN] 나의 영어 사춘기 100시간,나의 영어 사춘기 100시간
[tvN] 나의 영어 사춘기 100시간 2,나의 영어 사춘기 100시간 2
[tvN] 나의 첫 사회생활,나의 첫 사회생활
[tvN] 나이거참,나이거참
[tvN] 나홀로 이식당,나홀로 이식당
[tvN] 난리났네 난리났어,난리났네 난리났어
[tvN] 낮과 밤,낮과 밤
[tvN] 너는 나의 봄,너는 나의 봄
[tvN] 너의 돈소리가 들려,너의 돈소리가 들려
[tvN] 너의 목소리가 보여 시즌5,너의 목소리가 보여 시즌5
[tvN] 너의 목소리가 보여 시즌6,너의 목소리가 보여 시즌6
[tvN] 너의 목소리가 보여 시즌6,너의 목소리가 보여 6
[tvN] 너의 목소리가 보여 시즌7,너의 목소리가 보여 시즌7
[tvN] 내 손안에 조카티비,내 손안에 조카티비
[tvN] 넥스트 엔터테인먼트 비저너리,넥스트 엔터테인먼트 비저너리
[tvN] 노래에 반하다,노래에 반하다
[tvN] 노랫말싸미,노랫말싸미
[tvN] 놀라운 토요일,놀라운 토요일
[tvN] 다빈치노트,다빈치노트
[tvN] 달팽이 호텔,달팽이 호텔
[tvN] 대탈출,대탈출
[tvN] 대탈출 2,대탈출 2
[tvN] 대탈출 2,대탈출2
[tvN] 더 마스터-음악의 공존,더 마스터-음악의 공존
[tvN] 더블 캐스팅,더블 캐스팅
[tvN] 도레미 마켓,놀라운 토요일 2부 도레미 마켓
[tvN] 돈키호테,돈키호테
[tvN] 동네의 사생활,동네의 사생활
[tvN] 둥지탈출 시즌2,둥지탈출 시즌2
[tvN] 둥지탈출 시즌3,둥지탈출 3
[tvN] 뒤돌아보지말아요,뒤돌아보지말아요
[tvN] 따로 또 같이,따로 또 같이
[tvN] 롤러코스터 리부트,롤러코스터 리부트
[tvN] 마우스,마우스
[tvN] 마우스-리스타트,마우스-리스타트
[tvN] 모두의 연애,모두의 연애
[tvN] 문제적 남자,문제적 남자
[tvN] 문제적 남자- 브레인 유랑단,문제적 남자- 브레인 유랑단
[tvN] 문제적 보스,문제적 보스
[tvN] 뭐든지 프렌즈,뭐든지 프렌즈
[tvN] 미래수업,미래수업
[tvN] 미쓰코리아,미쓰코리아
[tvN] 바퀴달린 집 2,바퀴달린 집 2
[tvN] 방법,방법
[tvN] 불꽃미남,불꽃미남
[tvN] 보이스 4,보이스 4
[tvN] 비밀의 정원,비밀의 정원
[tvN] 비밀의 숲 2,비밀의 숲 2
[tvN] 빈센조,빈센조
[tvN] 사이코지만 괜찮아,사이코지만 괜찮아
[tvN] 상암타임즈,상암타임즈
[tvN] 서울 메이트,서울 메이트
[tvN] 서울 메이트 2,서울 메이트 2
[tvN] 서울 메이트 3,서울 메이트 3
[tvN] 서울촌놈,서울촌놈
[tvN] 선다방,선다방
[tvN] 선다방 가을겨울편,선다방 가을겨울편
[tvN] 벌거벗은 세계사,설민석의 벌거벗은 세계사
[tvN] 벌거벗은 세계사,벌거벗은 세계사
[tvN] 섬총사,섬총사
[tvN] 세얼간이,세얼간이
[tvN] 송민호의 파일럿,송민호의 파일럿
[tvN] 쇼! 오디오자키,쇼! 오디오자키
[tvN] 쇼! 오디오자키,쇼 오디오자키
[tvN] 수미네 반찬,수미네 반찬
[tvN] 수업을 바꿔라 시즌2,수업을 바꿔라 시즌2
[tvN] 수요미식회,수요미식회
[tvN] 수요일은 음악프로,수요일은 음악프로
[tvN] 숲속의 작은 집,숲속의 작은 집
[tvN] 슈퍼TV, 슈퍼TV
[tvN] 슈퍼히어러,슈퍼히어러
[tvN] 쉘위워크,쉘위워크
[tvN] 시베리아 선발대,시베리아 선발대
[tvN] 식량일기 닭볶음탕 편,식량일기 닭볶음탕 편
[tvN] 식스센스,식스센스
[tvN] 식스센스 2,식스센스 2
[tvN] 신박한 정리,신박한 정리
[tvN] 신비한 무술 사전,신비한 무술 사전
[tvN] 신서유기 8,신서유기 8
[tvN] 신서유기 외전-강식당,신서유기 외전-강식당
[tvN] 스타트업,스타트업
[tvN] 스트리트 푸드파이터,스트리트 푸드파이터
[tvN] 스페인 하숙,스페인 하숙
[tvN] 쌉니다 천리마마트,쌉니다 천리마마트
[tvN] 스윙키즈,스윙키즈
[tvN] 식스센스2,식스센스2
[tvN] 씬의 퀴즈,씬의 퀴즈
[tvN] 아이앰 김치,아이앰 김치
[tvN] 아이앰 된장,아이앰 된장
[tvN] 아찔한 사돈 연습,아찔한 사돈 연습
[tvN] 악마판사,악마판사
[tvN] 알바트로스,알바트로스
[tvN] 알쓸범잡,알쓸범잡
[tvN] 알.쓸.신.잡 2,알.쓸.신.잡 2
[tvN] 애들 생각,애들 생각
[tvN] 어느 날 우리 집 현관으로 멸망이 들어왔다,어느 날 우리 집 현관으로 멸망이 들어왔다
[tvN] 어쩌다 사장,어쩌다 사장
[tvN] 어쩌다 행동과학연구소,어쩌다 행동과학연구소
[tvN] 언제까지 어깨춤을 추게 할 거야 몸풀기,언제까지 어깨춤을 추게 할 거야 몸풀기
[tvN] 엄마는 연예인,엄마는 연예인
[tvN] 업글인간,업글인간
[tvN] 여름방학,여름방학
[tvN] 여신강림,여신강림
[tvN] 영화로운 덕후생활,영화로운 덕후생활
[tvN] 우도주막,우도주막
[tvN] 우리가 남이가,우리가 남이가
[tvN] 월간 커넥트,월간 커넥트
[tvN] 유식한 아재들의 독한 인물평존-유아독존,유식한 아재들의 독한 인물평존-유아독존
[tvN] 유 퀴즈 온 더 블럭,유 퀴즈 온 더 블럭
[tvN] 윤식당 2,윤식당 2
[tvN] 윤스테이,윤스테이
[tvN] 오늘 내일,오늘내일
[tvN] 온앤오프,온앤오프
[tvN] 올인,올인
[tvN] 이타카로 가는 길,이타카로 가는 길
[tvN] 인생술집,인생술집
[tvN] 일로 만난 사이,일로 만난 사이
[tvN] 외계통신,외계통신
[tvN] 자리 있나요,자리 있나요
[tvN] 작업실,작업실
[tvN] 장보고,장보고
[tvN] 조금 불편해도 괜찮아,조금 불편해도 괜찮아
[tvN] 좋은가요,좋은가요
[tvN] 주말 사용 설명서,주말 사용 설명서
[tvN] 집밥 백선생 시즌3,집밥 백선생 시즌3
[tvN] 짠내투어,짠내투어
[tvN] 더 짠내투어,더 짠내투어
[tvN] 책 읽어드립니다,책 읽어드립니다
[tvN] 책 읽어드립니다,요즘책방 - 책 읽어드립니다
[tvN] 철인왕후,철인왕후
[tvN] 출장 십오야,출장 십오야
[tvN] 친절한 기사단,친절한 기사단
[tvN] 코미디 빅리그,코미디 빅리그
[tvN] 코미디 빅리그 단내투어,코미디 빅리그 단내투어
[tvN] 탐나는 크루즈,탐나는 크루즈
[tvN] 토론대첩,토론대첩
[tvN] 토크몬,토크몬
[tvN] 풀 뜯어먹는 소리,풀 뜯어먹는 소리
[tvN] 프리한19,프리한19
[tvN] 플레이어,플레이어
[tvN] 플레이어 2,플레이어 2
[tvN] 핑거게임,핑거게임
[tvN] 커버스토리,커버스토리
[tvN] 커피프렌즈,커피프렌즈
[tvN] 캐시백,캐시백
[tvN] 하나의 목소리 전쟁-300,하나의 목소리 전쟁-300
[tvN] 할리우드에서 아침을,할리우드에서 아침을
[tvN] 행복난민,행복난민
[tvN] 현지에서 먹힐까,현지에서 먹힐까
[tvN] 현지에서 먹힐까 미국편,현지에서 먹힐까 미국편
[tvN] 현지에서 먹힐까 중국편,현지에서 먹힐까 중국편
[tvN] 현지에서 먹힐까 중국편 특별판,현지에서 먹힐까 중국편 특별판
[tvN] 화유기,화유기
[tvN] 호구들의 감빵생활,호구들의 감빵생활
[tvN] 호구들의 감빵생활,놀라운 토요일 1부 호구들의 감빵생활
[tvN] 호텔 델루나,호텔 델루나
[tvN] 홈타운,홈타운
[tvN] I-LAND,I-LAND
[tvN] I-LAND 스페셜-새로운 시작,I-LAND 스페셜-새로운 시작
[tvN] RUN,RUN
[tvN] Shift,Shift
[tvN] Shift,tvn Shift
[tvN] Shift,tvN Shift
[tvN] Shift,tvN Shift 2020
[tvN] V-1,V-1
[TV조선] 골프왕,골프왕
[TV조선] 기적의 습관,기적의 습관
[TV조선] 끝까지 간다,끝까지 간다
[TV조선] 내 딸 하자,내 딸 하자
[TV조선] 내일은 미스트롯,내일은 미스트롯
[TV조선] 땡철이 게스트하우스 투어 어디까지 가봤니,땡철이 게스트하우스 투어 어디까지 가봤니
[TV조선] 동네앨범,동네앨범
[TV조선] 라라랜드,라라랜드
[TV조선] 매직 컨트롤,매직 컨트롤
[TV조선] 미스터트롯,미스터트롯
[TV조선] 미스터트롯,내일은 미스터트롯
[TV조선] 미스터 트롯의 맛 - 결승 이후,미스터 트롯의 맛 - 결승 이후
[TV조선] 미스터 트롯의 맛,미스터트롯의 맛
[TV조선] 미스터트롯 top 7,미스터트롯 top 7
[TV조선] 미스터트롯 top 7 신청곡을 불러드립니다-사랑의 콜센타,미스터트롯 top 7 신청곡을 불러드립니다-사랑의 콜센타
[TV조선] 미스터트롯 top 7 신청곡을 불러드립니다-사랑의 콜센타,미스터트롯 top7 신청곡을 불러드립니다-사랑의 콜센타
[TV조선] 미스트롯 2,미스트롯 2
[TV조선] 미스트롯 2,내일은 미스트롯 2
[TV조선] 미스트롯 2 갈라쇼,미스트롯 2 갈라쇼
[TV조선] 미스트롯 2 토크콘서트,미스트롯 2 토크콘서트
[TV조선] 반전상회,반전상회
[TV조선] 방방곡곡,방방곡곡
[TV조선] 배낭 속에 인문학,배낭 속에 인문학
[TV조선] 별별톡쇼,별별톡쇼
[TV조선] 보험사용설명서,보험사용설명서
[TV조선] 부라더 시스터,부라더 시스터
[TV조선] 뽕숭아 학당,뽕숭아 학당
[TV조선] 숲 속 라이브,숲 속 라이브
[TV조선] 세상을 바꿀 유레카,세상을 바꿀 유레카
[TV조선] 아이엠 셰프,아이엠 셰프
[TV조선] 알맹이,알맹이
[TV조선] 야인시대,야인시대
[TV조선] 얼마예요,얼마예요
[TV조선] 여자가 욱하는 데는 이유가 있다,여자가 욱하는 데는 이유가 있다
[TV조선] 연애의 맛,연애의 맛
[TV조선] 영웅 삼국지,영웅 삼국지
[TV조선] 우리 더 늦기전에,우리 더 늦기전에
[TV조선] 우리 이혼했어요,우리 이혼했어요
[TV조선] 와카남,와카남
[TV조선] 이사야사,이사야사
[TV조선] 킹스맨,킹스맨
[TV조선] 투자의 정석,투자의 정석
[TV조선] 퍼펙트라이프,퍼펙트라이프
[TV조선] 퍼펙트라이프,퍼펙트 라이프
[TV조선] 현지인의 팔도보고서,현지인의 팔도보고서
[TV조선] 후계자들,후계자들
[TV조선] 홈데렐라,홈데렐라
[TV조선] 화요 청백전,화요 청백전
[TV조선] 히딩크의 축구의 신,히딩크의 축구의 신
[TV조선] CSI 소비자탐사대,CSI 소비자탐사대
[XTM] 밝히는 과학자들,밝히는 과학자들
[XTM] 잡식남들의 히든카드 M16,잡식남들의 히든카드 M16
[XtvN] 나나랜드,나나랜드
[XtvN] 오늘도 스웩,오늘도 스웩
[XtvN] 레벨업 프로젝트2,레벨업 프로젝트2
[XtvN] 레벨업 프로젝트2,레벨업 프로젝트 2
[XtvN] 레벨업 프로젝트2,레벨업 프로젝트 시즌2
[XtvN] 로맨스탐정,로맨스탐정
[XtvN] 사랑도 통역이 되나요,사랑도 통역이 되나요
[XtvN] 최신 유행 프로그램,최신 유행 프로그램
[XtvN] 최신 유행 프로그램,최신유행프로그램
[XtvN] 최신유행 프로그램 2,최신유행 프로그램 2
[XtvN] 커버 브라더스,커버 브라더스
[XtvN] 한 쌍,한 쌍
[XtvN] 헐퀴,헐퀴
[중화TV] 위클리 차이나우,위클리 차이나우
[중화TV] 팔도 찍고 유람기,팔도 찍고 유람기